at_least_one	at_least_two	at_least_three
0.05306491171935564	0.022546853392680435	0.012722918727420665
0.016954228730771265	0.001997169151789227	0.0005952810407577613
0.08460384932910806	0.008126496687423657	0.0005426658194719047
0.21061011176301048	0.10894024014714639	0.06352320987529309
0.3889029048020184	0.2761338222773707	0.2227604074990506
0.017943312461246516	0.0018203692999364113	0.0
0.3819551337524059	0.2861383375137477	0.2169012250381815
0.30983703273434693	0.13322040174307215	0.0481196697019188
0.008572754629033938	0.0004029327060310617	0.0
0.009461657370882379	0.00018687460999616823	0.0
0.19679788222095884	0.06421479688798064	0.016958773961720925
0.29855028903935554	0.20011576104374645	0.15317275809763764
0.017840807953579285	0.003384702128091388	0.0006855404310549401
0.2922628322190238	0.20074835911377492	0.16216615998684936
0.04497268640349458	0.022269261073987433	0.012862925920864833
0.00976000912555533	0.0	0.0
0.22010967418331784	0.07766925406311544	0.017480160731541475
0.0	0.0	0.0
0.009371540529398384	0.003729923566385185	0.0
0.07727247715072619	0.0	0.0013883590204962284
0.02943750303881447	0.004805598414759277	0.0003948721112502773
0.48986680946446476	0.35761291559746333	0.27490148524787716
0.028390777146896126	0.0	0.0009907181926602435
0.005906729767119506	0.0	0.0
0.022528355803298067	0.003615817965231416	0.003415661734118877
0.42595447641287265	0.316310141899814	0.2698674091159584
0.15745042256458097	0.10692515067101879	0.0871509765914251
0.1686354254698108	0.13048564108054547	0.10358768745750671
0.021754332941295015	0.0023039591278808252	0.0
0.12119177716849183	0.03982330314772142	0.004590963355498086
0.012905396571972927	0.0	0.0
0.046265610961517586	0.013377600386946971	0.004725908803244097
0.07533242652516048	0.008143753555245548	0.0048583953448190845
0.04109739964466913	0.016517263423626555	0.009769476821404034
0.21892025284509656	0.12704949858312384	0.08641648946413111
0.07845389171659824	0.007931635347490022	0.004749235695141206
0.14615861122008217	0.08118905762939185	0.05572355635963482
0.054894642100726074	0.01503844947927966	0.0005465738120808625
0.0	0.0	0.0
0.07834745610016908	0.03346800635515317	0.03038433454026401
0.07050481842130332	0.002738822229767013	0.0
0.046770092357425935	0.014049504692223866	0.002253241256510191
0.005976945860049404	0.002844254287502415	0.0
0.060867422040026424	0.02660437597863271	0.016559151749811582
0.023578682317045227	0.003653220209774724	0.005182244658092146
0.09021788569975223	0.06470538993024501	0.05402042153854804
0.0	0.00034419511518328505	0.0
0.41337242957960474	0.2548508979109695	0.1733095483168972
0.3280869841096073	0.2386746853869466	0.16794094247482866
0.5512374668617706	0.4596716135455311	0.39973448769887643
0.02901727546137331	0.013044788240679443	0.009835475425468629
0.05429324138546947	0.010578777679923525	0.00182035712166171
0.030797810433045608	0.007342259987701209	0.005023267361278831
0.1029256917053237	0.049973292091306715	0.031000051556352506
0.0	0.0	0.0
0.05352076203691834	0.04582995519298015	0.041467219206803
0.0	0.0	0.0
0.10336959649578716	0.02455509667942852	0.002290383694531224
0.027973685750041166	0.015047555068814007	0.011380666773596185
0.0	0.0	0.0
0.17510956899741412	0.07463721425326222	0.029786699864498438
0.0	0.000399946891061459	0.0
0.07163223617771652	0.01180594752396888	0.0022422966244753095
0.3568151535359544	0.2152418024274421	0.14598257635353398
0.04866686556668878	0.010443281152083254	0.008041314960554699
0.020494821722248674	0.0023833786430330905	0.0023064402392124483
0.0	0.0	0.0
0.023469224853026063	0.0033303721982790996	0.0
0.029399609085061798	0.0070831733138554745	0.0032300962679760944
0.10218329751628116	0.03317312219315825	0.006525956733174056
0.5570710987905757	0.46152308859757807	0.4107427319463119
0.11837349688504056	0.053928021409813696	0.02531076048186411
0.1530548881608869	0.05020829519534291	0.016332202291991067
0.3683719924964622	0.258509301068658	0.20732970376585164
0.0	0.0	0.0
0.038918465116074594	0.004051804814386641	0.00051622287538481
0.10962352854381102	0.012071900734392828	0.005558447811562617
0.02068257097891822	0.006758870668509852	0.0034640113327459587
0.03750497680279451	0.022233298652860847	0.01881500549311814
0.05390332105712138	0.0331935968699989	0.022062070989966473
0.012374077852762289	0.0	0.0
0.0615844597135288	0.01771439929733759	0.002270466445482004
0.018071651385817566	0.0	0.0
0.0	0.0	0.0
0.03993310215853717	0.0017693718966327598	0.0018477455076799237
0.1492895729005805	0.09027659009188652	0.06407812052741617
0.023374674360897296	0.0024974365440652846	0.0
0.018279368366292084	0.004983334567326872	0.0
0.012297723593289303	0.0	0.0
0.07482796543016705	0.03501171167546589	0.014715220459691522
0.05597176215599513	0.0015839560314918205	0.0
0.07565979550432651	0.016396957685896205	0.0003647049038206715
0.11087640317476784	0.04931793865327909	0.024150389605077833
0.11116289535011233	0.03727493151634109	0.008615729486704547
0.015062096020108828	0.0	0.0
0.21367188612147914	0.1344535659321583	0.09936966781152323
0.12120496763877621	0.10480506189830703	0.09497568362249921
0.032582462018492825	0.0028618868823175048	0.003863450586179845
0.049793956593360986	0.030148580236353348	0.023817217633429744
0.028208710236681672	0.008859216920736747	0.003043444381829505
0.01284824761404911	0.0	0.0
0.06738520671605008	0.03624218706282801	0.031209872505018225
0.03975798488803946	0.018188506160671858	0.006113821460922458
0.47283788815796124	0.34640428730196093	0.249680259179905
0.0584741563164813	0.035345671029406917	0.025741932987959175
0.15737832702405322	0.06287369880789215	0.01868679076976852
0.06841246639845167	0.00606876758113406	0.003538481387272481
0.035579238751936526	0.015549285161629622	0.0027770903149408263
0.2723811000363352	0.18860710773258849	0.14088220251551709
0.026128947490729304	0.010317435633892258	0.004137942515206661
0.015913851729202275	0.0010941638545424043	0.0
0.008130337673436919	0.0009998390588368544	0.0
0.38128551112142206	0.27652741142434284	0.22503853836766502
0.03771565326068005	0.00032584394025284014	0.0
0.025805430887177933	0.0004987205398147704	0.0
0.4702869581062707	0.36787994871899504	0.3156679694187535
0.09613676212566652	0.07873536254793659	0.06706952285535632
0.2052724440043424	0.10333011218935331	0.04306508236446274
0.0333150547619319	0.0040457029408967685	0.0005160977258108629
0.13142340988391105	0.08500517455147752	0.06075890571931765
0.006709447656049042	0.0	0.0
0.49229280937580505	0.39571326276081487	0.32565168046516063
0.06280488461404285	0.002411864170085029	0.0
0.07079775209785777	0.044356707597091774	0.031728893141621264
0.10002450652403194	0.0758627995901861	0.06036952385451501
0.1138568578223394	0.0643185966896677	0.05222772726998284
0.03450269264770829	0.0	0.0
0.0	0.0	0.0
0.2803835811729493	0.17752525459050855	0.1208422774866957
0.05207539608988977	0.006480648212976503	0.0039046585212582433
0.06605149013338968	0.00360256312450917	0.004479780493219142
0.004094341277541186	0.00017124831789926132	0.0
0.03410768440451692	0.0034941099649736518	0.0005603350458149511
0.10142889657695939	0.016851456148238075	0.0
0.0	0.0	0.0
0.04583547901656711	0.005343877328534967	0.00043547776590042997
0.29143348101811795	0.17337967883655714	0.11689046951548235
0.026683742960648876	0.0	0.0
0.4504967506810245	0.34157733555969166	0.2832367200656589
0.07955042790084188	0.02903057608210824	0.0024334813024931776
0.02731212419391124	0.0	0.0
0.3158831371856062	0.2138959779202271	0.15964583498013035
0.03146779305165262	0.01457087160166138	0.010120442918475178
0.06061248628209466	0.005148163447739919	0.0
0.01685816673732292	0.0	0.0
0.07481543524640352	0.03287864827165756	0.0156419111490489
0.029310030837105774	0.0	0.0007678485785308567
0.26221740708789976	0.1499454631943852	0.10995336088430288
0.0	0.0	0.0
0.04533086710401747	0.0021151850146007845	0.0
0.020079724946475835	0.004557388055359435	0.0
0.12719052483709845	0.07877920720070507	0.056701411913709344
0.005209924797223903	0.0	0.0
0.0043595281510185185	0.0018748366129012206	0.0
0.016331030699971827	0.004392091263741134	0.0017863208591475666
0.0	0.0006320507577316087	0.0002085782146140705
0.04939971567219621	0.002913756916888194	0.00133234372226642
0.02815735019319965	0.0	0.0
0.060040779910766714	0.03406202467461016	0.027555427023798568
0.20794945805944062	0.1283352781408531	0.09767047916504909
0.11866376174272196	0.08042092223120942	0.05169535973226594
0.25958837061810786	0.17913780883882133	0.136356812757887
0.004839305094446161	0.0	0.0
0.15520418513703083	0.08859132958547997	0.06345999902061049
0.3878180349492064	0.18233790281099033	0.05091981988900038
0.1517518817060488	0.07952477413909663	0.045377459933544924
0.002123336858587524	0.0	0.0
0.0474247779324726	0.0012131893669501959	0.0009918932080266868
0.05157498914720765	0.0054616137978854215	0.0036459846844167573
0.012576996560884166	0.0	0.0
0.025466932987535246	0.0024972377589408123	0.0
0.09423055489971728	0.00970327512718512	0.004759736110977068
0.14285871948759518	0.03470510603880291	0.005248971068907045
0.07090963845613077	0.04495671693076683	0.03369257195989524
0.026558400979619298	0.011629911926405778	0.0024702352741784034
0.2121666285766963	0.08742104585884286	0.022900455260194873
0.023877973135688138	0.0	0.0
0.00043834663695281606	0.0011103987218207129	0.0
0.006506993596154059	0.00021017889924637712	0.0
0.011743518905506192	0.0	0.0014659325991403793
0.006453918632595201	0.0	0.0
0.31382811783182285	0.2153663642025767	0.15888681577826252
0.39215924099814514	0.23004272111405805	0.13731872944728396
0.0069874646767424525	0.0	0.0003259956077672002
0.33380560800694636	0.23844856372706846	0.1883642586324835
0.3531924104537165	0.2497997496748745	0.17599608318316518
0.0798354941785839	0.004491802545245845	0.0032383878976793984
0.184452514235853	0.10401481824463488	0.07173139905423473
0.08263122776165888	0.046831368728014855	0.03798407672325693
0.019695384099148353	0.0	0.0
0.0031333492469463042	0.0023952206482217714	0.0008654044009631934
0.04812370826656359	0.00208903152192913	0.0
0.049424149029109576	0.03317062090572292	0.028284471019457098
0.0	0.0	0.0
0.039711800365411165	0.0015101625936895513	0.0021977916559334162
0.003885935407148669	0.0	0.0
0.44800809058131585	0.32060893324734496	0.24291631441510758
0.4859996476308974	0.3604255702152529	0.2912875288501496
0.1048371582013177	0.04719923915575537	0.03147830971401826
0.3526607271884095	0.2457915193967322	0.1978815156040976
0.005605519631410913	0.0	0.0009890933129199572
0.055615856640124486	0.0030780766695576584	0.0013200581018140353
0.018895878848776262	0.003079059042066623	0.002699458851149944
0.019977607493061073	0.0037128389926719824	0.0
0.2708743482474313	0.12049512948417196	0.05031408907545882
0.04670868836554816	0.02014533649984615	0.011560713975500042
0.5091795078613782	0.4259150010265362	0.3699336285066317
0.019083072884426344	0.0	0.0
0.0	0.0	0.0
0.26273335563455225	0.17534776508022143	0.14965662211477965
0.2769228118172816	0.17876571244868655	0.1381786571508654
0.017730883455098323	0.0	0.0
0.10198756829450034	0.008584258822965679	0.005466970017343878
0.0	0.0	0.0
0.0540330590064598	0.009488473716042327	0.0
0.03066618245932666	0.014271522960367794	0.009623936755526627
0.012880882308265826	0.006267522760574816	0.00536304365644729
0.29363556210814357	0.21914661316010078	0.16083214741902938
0.0151713675372811	0.007595717886274493	0.0
0.3177661469881078	0.25323287110058473	0.21331288267573145
0.0	0.0	0.0
0.0	0.0	0.0005821906211013472
0.014416481684167287	0.002377434408947221	0.0009250783843870805
0.23795737055618327	0.009946411531382204	0.001908322547113539
0.36596503298397826	0.2749789721055988	0.2009621949734351
0.0	0.0	0.0
0.845451769806709	0.7576516399074453	0.6706487930472531
0.6252629981210431	0.5508871116015952	0.4582613430917937
0.13042218454033214	0.061654016931582095	0.018416671554949384
0.06080123451264565	0.006170944909956705	0.0
0.040006690736046985	0.02049464302203345	0.01278459417411807
0.255632961258366	0.08185161106363611	0.01773971407853659
0.19771346499225606	0.109422730504695	0.055559407121575616
0.01630340312186987	0.0	0.0013553414983501488
0.0016896464111062354	0.0	0.0
0.0022626910279219536	0.0	0.00019067594242192648
0.07613811547445443	0.03954394622099676	0.02626920984925054
0.4208942275537697	0.27443445659991966	0.2197428829344167
0.3187575725718852	0.1921531877727626	0.1099650650414913
0.31152756645836255	0.1720966153073705	0.11412983566624407
0.3183141459453196	0.22237212987696345	0.17454422570971398
0.06273246673494648	0.010366648629904586	0.0003000422992449764
0.0034043710516643566	0.0	0.0
0.019329124298657713	0.0	0.0
0.08803079849903822	0.060731048045661845	0.04713144631525295
0.06613714044841618	0.008854344909603178	0.0010238107355127687
0.1176424459870156	0.04855861090641636	0.020588938181398224
0.0	0.0	0.0
0.06308743767357901	0.004828002635712765	0.0
0.01979288006807267	0.0	0.0
0.02990858096306584	0.014061805884941915	0.006332122921962072
0.22486675557029312	0.14084411751558973	0.09061637191400998
0.4358931973127345	0.31793639901219	0.24609611710945775
0.0186978031002063	0.0	0.0
0.1747743240572861	0.08717387817003948	0.058070977540681204
0.0789830035275155	0.019620442420950193	0.0017173231521122809
0.040044389753641024	0.0	0.0
0.0846403641546725	0.0031227425984729495	0.001355823179349909
0.07933566279930825	0.06854360700089626	0.05466774888797401
0.0	0.0	0.0
0.03389787378303023	0.007078542051636709	0.007698925249852807
0.002745153722312474	0.0013517653344233133	0.002152807532197744
0.10773114573472599	0.06470972262168075	0.040329937593492834
0.02189640863375801	0.0	0.0
0.3073589393944043	0.21871951323430733	0.1562027246793286
0.06897886173529597	0.014071640378050927	0.01028419677150836
0.018672747494325626	0.0	0.0007900575491880807
0.012659239788822663	0.0	0.0
0.3722869238559724	0.22959662890370688	0.1496299363180468
0.28573503502185615	0.18173806246342458	0.11388470355963155
0.021107197140718043	0.0022789398121488974	0.0
0.020999298078544948	3.891482863305207e-05	0.0
0.1545979793071848	0.08441880382884076	0.0618642782127573
0.32590454268074665	0.23201819251179714	0.18505979665651548
0.03958249803625154	0.0018563762533478356	0.0009486872842355207
0.03470214621493403	0.0	0.0
0.011818529316736465	0.0	0.0
0.011281964915098572	0.0	0.0
0.03020847006339561	0.005355446136977374	0.0
0.16034573894957968	0.03362691264800839	0.0027758444469152196
0.21370125706543563	0.04519857633906785	0.005795583772838397
0.07132628439204333	0.041271193382360294	0.030610930822366766
0.04864360289840318	0.026183950270886373	0.007330790243780992
0.02946954275476374	0.0007568809211035837	0.0
0.0347908978077897	0.006449262353949395	0.00022305185770910008
0.04893358286568669	0.017534045821090784	0.004726487124973186
0.22049756879464838	0.10682798429690496	0.046491782092048524
0.021310185380475466	0.0010492873343714293	0.0008618316805853524
0.12967503516501788	0.08820427302579631	0.06204021058397288
0.01639988051329043	0.0034843485136283464	0.0021034983318807265
0.21118975857069486	0.146401582766849	0.10933652778528877
0.3134486684110678	0.23179041481612417	0.17110891019452573
0.14933876776216876	0.048102775960201835	0.007589953193698679
0.39092865873633525	0.2806642851344803	0.2259418574410252
0.267238025440526	0.1685132237364388	0.09364787310304407
0.25795985544616873	0.1725177156224306	0.11882736393159254
0.0	0.0	0.0
0.01802743417278614	0.004508738693902205	0.0
0.09156565492245149	0.04646664135681065	0.025042444391198824
0.010115559571540145	0.00253404321079255	0.0022481564077067376
0.195641045033152	0.1405764495346212	0.11717606438357415
0.06528875642977541	0.03920952935233045	0.02739000680687581
0.061504612304969355	0.003726943280113623	0.0016973946059215608
0.0315308506673017	0.008891552521543666	0.002282011741355894
0.02602590070159584	0.001587630889423708	0.0
0.07153142182236372	2.1993383307536418e-05	0.0012925304921259442
0.030882306952243838	0.0015395459648692017	0.0
0.028293818682224914	0.003855192355199627	0.0
0.2285493049047126	0.1553930485327381	0.1196739939629163
0.008065708269651722	0.0	0.0
0.4672677610301495	0.3709959033258612	0.2978781786128908
0.14399164044245782	0.0051359104573596645	0.002197391006025104
0.0025915845415785677	0.0	0.0
0.07620591605764065	0.00944929130312138	0.0005041397240631643
0.1431580386148203	0.08284906756247995	0.057471626179841015
0.20713169572387358	0.16806214300944755	0.14450024195246072
0.029676823426876026	0.0010783244009257842	0.0009571850643019311
0.07933937967572101	0.005491351317203873	0.00219837140047259
0.3336493659668319	0.23093585989774787	0.16072840690323686
0.03298798111559785	0.00016661160588254953	0.0005456756917204333
0.08379926572240493	0.05571799350428237	0.04261161228743043
0.047660973903182885	0.01934363235111993	0.02019751398594936
0.16893510400125167	0.11894094395764285	0.09315892228233119
0.030653052512182435	0.002026400816911536	0.0
0.0	0.0	0.0
0.0570877901766937	0.03554955860362015	0.029688871683476233
0.07477507696822526	0.002735209626355928	0.001224751919274819
0.09054502428618807	0.009118199871465678	0.002586251056701884
0.0	0.0	0.0
0.021147640967851183	0.00023348829742433908	0.0013809933039959019
0.0029536320504934543	0.0	0.0
0.2970757812956313	0.1895022184364789	0.11755754446194712
0.11185675724218923	0.05603721909501057	0.03710141053067246
0.042398118094460924	0.02434685783562166	0.01796265939343403
0.13963130234348525	0.10075962971573368	0.07074136210722742
0.48012528490761947	0.35177838582845217	0.28839928393234676
0.2942803607390529	0.20284769041873654	0.16686857919397816
0.10022994985005869	0.019695856587701017	0.008510304738652032
0.018782808295820685	0.0014805674440082767	0.0016774172761619688
0.05302903732946386	0.011880072957465605	0.0007904280736828265
0.528436914862641	0.4285094797580986	0.36532411278383964
0.40993660304080537	0.3097455220092268	0.23626774111344448
0.03871652517743858	0.02149434797287124	0.015580761188804228
0.0	0.0	9.628881072679119e-05
0.27495818136350547	0.17676172169317989	0.1341541405754046
0.004178290646080607	0.0	0.0
0.05621815150894266	0.023032083780772157	0.014054672878693927
0.02177177869151574	0.0	0.0
0.3075212615499898	0.09916918214881759	0.011174241220569196
0.0010441196335581049	0.0	0.0
0.12594042421161944	0.08858865446216373	0.076484535014265
0.157100450398297	0.08946389647395625	0.06370635204765404
0.018431294852422828	0.0010506384639260985	0.0
0.17643598029406946	0.07390206522111242	0.032064722878979615
0.03151208502542013	0.004727679915134911	0.002014117044789668
0.001266272668465726	0.0	0.0
0.0016729963850468377	0.0	0.0
0.010118271911259968	0.004124077448003534	0.0
0.14871394375989727	0.10873336435558387	0.08591010104218624
0.11329947139312288	0.019111536978697524	0.0016224843014519125
0.42195540006628546	0.2809500381382041	0.20192470550778818
0.47925360431313396	0.3700657616565259	0.3130030779615452
0.10105026910314395	0.034759129488699275	0.005615010734268074
0.0	0.0	0.0
0.06544060182672402	0.021040505788891398	0.006403441762096285
0.0750067058664095	0.01307703300354117	0.0
0.01809400215442758	0.0025424458182807946	0.001415162345486061
0.0443340849881278	0.0	0.0
0.21237508890386317	0.09159227004010109	0.038237165638584494
0.0805586600272839	0.043959300253931306	0.029636986378435936
0.27678814980723054	0.15127765744781493	0.10015985319612339
0.1419256373331652	0.07895839506303966	0.06293164868615274
0.09853110294749784	0.04728573495545425	0.02632089300540537
0.2193161573045373	0.13222882182457715	0.07463859507586562
0.03046238293898748	0.015997745459938678	0.009794449983440985
0.4576578774019867	0.3020340569243912	0.2001853847918211
0.7678573243383178	0.6652159531782808	0.5896030397810348
0.06504312249318529	0.007967824579913449	0.0012238440977663245
0.1082413548234438	0.07116070772861928	0.052053385426500454
0.00507532605071781	0.0008622863776895223	0.00018740626752447587
0.4397322839089027	0.34109913693379196	0.2877060311277306
0.20529151874818757	0.06733665818165797	0.014643494061108375
0.28317361876153596	0.19025683499012772	0.1352123253749622
0.2683188185084832	0.17924602573965015	0.13842943396692162
0.20286644065786374	0.13139610166128698	0.09091793650453461
0.26733108787791904	0.15955544238512284	0.0907832649833658
0.1961192703694516	0.07279879382943576	0.01847257765681202
0.03067406321470284	0.004503511510698263	0.0022335549300634416
0.05880977560540859	0.03261833806845117	0.009762251472093142
0.014383608601714948	0.0030342256879974383	0.00024517364062533187
0.11031159237420357	0.03328942483636162	0.003968619144415118
0.17495088491058322	0.036661212135257595	0.0035389023727159796
0.4505820359251359	0.334421810656134	0.2694259963040214
0.052064108871106046	0.015688772290396433	0.004879778843292118
0.026850520914233414	0.00951867319375952	0.008292443068729831
0.021939263053035646	0.0	0.0
0.0030014835237842097	0.0014231753855588752	0.0018083792491491515
0.25990021182791473	0.19237775514658775	0.15991343216158363
0.010320157485357709	0.0009847810505176774	0.0
0.037568464301616616	0.0	0.0
0.11116406425401357	0.0	0.0
0.07959233440171051	0.008731866283686877	0.0
0.001710513761992688	0.0	0.00022077340085020075
0.04272485914331675	0.0021205480860316817	0.0006680406796251703
0.2549145554838318	0.09304828732512019	0.02275937049192399
0.20133035556648682	0.12671079386785555	0.09409700040600462
0.033952343569873075	0.002397870011894801	0.001695350911823705
0.08548725008978886	0.024782372026092347	0.005547166886450919
0.12286871915921731	0.03996252853446579	0.017919753139397126
0.02868121001864099	0.0008619546614120066	0.0012463233993704678
0.09166906063295227	0.03980580864752492	0.012691804577188569
0.2523572381657032	0.16600878314213502	0.11982520259423146
0.14505211655030537	0.0885285964185937	0.056002030330262936
0.0	0.00024628456659891995	2.4114406777263342e-05
0.01216380114345425	0.004725994546732129	0.0
0.016682710994075173	0.0	0.0
0.009871765621302972	0.00014379300624034475	0.000127327524457016
0.2566884890217058	0.1453953609054898	0.0912640107954826
0.14430532132818535	0.07707300935922325	0.05603029947557414
0.005132120060994894	0.0	0.0
0.028732236363903665	0.0032230965590639565	0.0
0.013700611409985755	0.0009340165873837208	0.0
0.10642091166616903	0.0064161507706372925	0.004979751304186264
0.39658184718981854	0.2797878741752948	0.2125059257535112
0.05143092476795477	0.013894907136697034	0.007692534954371867
0.16785141861120143	0.06422991847919247	0.015684054219355578
0.5529774893047863	0.4418423157208398	0.36271228326787197
0.4881567715155844	0.35457592875668864	0.29371574325454153
0.08613385613898578	0.014987592798599451	0.005197550097832002
0.006000768434750586	0.0	0.0
0.4108259857306056	0.36068837592153036	0.3292785962359455
0.2617198005352812	0.16930293102674532	0.12409057217658355
0.07984592433696114	0.010549475206356046	0.001572306959513499
0.011397833225778947	0.004952968766098506	0.0008519643439815136
0.12035595556358292	0.02549998740302599	0.003547081262052873
0.06115049207003828	0.002204292256713161	0.0017720494438867723
0.5161281110344833	0.4136465283571511	0.36106024938856435
0.0050525226491623665	0.0	0.0
0.01508198488078255	0.0012178899092424589	0.00031060436894937704
0.2523252369779593	0.12800315754425373	0.060170910098271115
0.08070283890832093	0.009523771802959734	0.0037131133026443164
0.009695369647074667	0.003330770073312714	0.002184278236090992
0.0	0.0	0.0
0.018026528002914474	0.0020865008908113047	0.0023993714207750233
0.02356338771963143	0.0013408995036867655	0.0
0.11307826340041902	0.08518772419602082	0.06249733908410385
0.015998869481334083	0.005908847829207239	0.001214187289297182
0.02288085778996772	0.005028280983037342	0.0
0.012485718443534452	0.0	0.0
0.019578185449320662	0.0026279582354991893	6.69938680862639e-05
0.09225396702126276	0.0034735812113768083	0.003176394689462167
0.0	0.0	0.0
0.01643712045041358	0.0	0.0014680614570290532
0.4123456397299753	0.27130861801271644	0.18754651870978503
0.06656087859155876	0.003890489206899439	0.004648648930239904
0.01977333653568912	0.0	0.0
0.03212311665922522	0.0009405473311588919	0.0
0.19026318109867416	0.06033648934218364	0.013991566158107413
0.003993994738306292	0.0	9.265115145676295e-05
0.01027747641363369	0.0	0.0
0.1200104183587147	0.010978628574622118	0.002241868516253173
0.16619418410992337	0.12473114145431642	0.09275178165991493
0.32339758691286025	0.26235645904283333	0.22213204549574347
0.30357232998003725	0.21141259152061986	0.15934119399820001
0.04660328746839364	0.024381563660841918	0.013816603142993433
0.20224016274658657	0.13677761595179597	0.09588264455339243
0.1978754532920582	0.11765778481394501	0.08560093971602481
0.06676466035964221	0.0028624691194004126	0.0
0.1293367941595481	0.03854029339819572	0.0737752262447942
0.08998442406840632	0.01257602557224001	0.0019780971537215475
0.0039004707101177455	0.0	0.0
0.07352162033700813	0.03845911809722178	0.023151957621150566
0.0706301263393258	0.019926840142735165	0.0009382449972323084
0.6580227875379417	0.6172695529573633	0.56956524430245
0.11544522725936902	0.0934499922964177	0.08017018370142912
0.432491103117296	0.33938436974784714	0.2860350243677696
0.014652001457505004	0.0	0.0
0.07033071729532966	0.0008673793292870435	0.0006703188762738135
0.06274194619912302	0.0053327018835668955	0.0
0.3313033072798979	0.2292721928358975	0.14683965130132712
0.087067088310258	0.009691786694011634	0.00037180788532278214
0.011786188326214614	0.0002657280152500441	0.0022132955852668737
0.007114566156215321	0.0008452990901544888	0.0
0.10536487980909952	0.04003854065598075	0.010696317844426394
0.46163623949749305	0.4038730039525529	0.3725330289482457
0.059566892737915156	0.022297330606270392	0.021730951528508673
0.04301776877837156	0.02793251841765667	0.02826843415880991
0.03783300344431402	0.0011370134868983472	0.0014351616644191281
0.14510442444511762	0.09204259536898954	0.06426231398876661
0.2793992906778694	0.1559304261821433	0.10317026193552406
0.02491173660180504	0.00669485332716678	0.00045132003310646013
0.0231389696122956	0.018261449332549126	0.008409239105177102
0.0780025390376528	0.04156532023478349	0.02587999266039897
0.03171399551805529	0.0007585269135753497	0.0
0.08746401697111322	0.00825830872717824	0.0023319188221725753
0.03532189075947724	0.009648592589048724	0.003371914693664775
0.01895852474450954	0.005727758405470296	0.00027265230068616864
0.07463567694806225	0.03802669637969783	0.024775529054010335
0.020237177925751096	0.0015755156023382066	0.0009821942723132748
0.09099498448485485	0.02240826357747052	0.001711250151294308
0.005351141212087643	0.0016663306157782137	0.0018396347646904149
0.006955417474758099	0.0	0.0
0.04618937536061812	0.00245495004189393	0.0
0.06132215085036617	0.029438340211632885	0.016038190986899646
0.22141681487806808	0.15937229029239575	0.1393000316244296
0.06750045629836202	0.025501241321220544	0.00965879443188402
0.049560320202732	0.0	0.0
0.1562941466145536	0.1126083484317498	0.08994754731560681
0.36218310687918714	0.20919063771719573	0.11248318580033605
0.11976356346942058	0.08338575977898621	0.0695091838526112
0.05299792530324664	0.036742370547068706	0.027471108947892873
0.023733120543776937	0.0016819307769947028	0.001534283218752694
0.09878390009662576	0.005957894321315667	0.0027174129774165945
0.28920898288363533	0.17488200300294954	0.12596333305139387
0.031461966295834254	0.015928456133524983	0.020208684187691436
0.018633237348670173	0.008942838236553487	0.004739660552672671
0.08099999559992574	0.012945422791645622	0.009120826968474813
0.2101119930872923	0.0916882054450979	0.028824060949604408
0.05709456441995848	0.011669191332596168	0.0009453397316501813
0.26296815140121343	0.1589548629662686	0.11537361856830664
0.08417846976731788	0.04114294224670603	0.021370497114754156
0.048173554836788895	0.0019484670051913011	0.0012872668095470496
0.09990446397256979	0.03958299189345862	0.00807082479056994
0.17796864481472052	0.09331466466836658	0.029105007778265315
0.308359185085585	0.21198006960881588	0.16679788532273182
0.14004874942694062	0.057229160522335884	0.025092562439265616
0.006420706598618195	0.0	0.0
0.12422154097243582	0.061916331749655884	0.04812730710721598
0.2008695826027758	0.13130948343083193	0.1109164741988215
0.08717811116970937	0.014473689791114935	0.003397147698932429
0.03515357088910645	0.007193735195660023	0.007016455765084653
0.10035113126866474	0.07516097168124235	0.05319762731873719
0.019280051221013256	0.0	0.0
0.30792624468474805	0.21525725156784	0.1671254874845276
0.016167778808768143	0.0	0.0
0.20383827996838494	0.18058990211986445	0.15060059710398324
0.2995157345842112	0.19194065090023343	0.1303346336689547
0.07250879704965583	0.0	0.0009244972369996524
0.17403280166815477	0.11369374250564684	0.09642337555512356
0.00837272824982764	0.00017220736619488752	0.0
0.01907189612691479	0.004156475043042875	0.0
0.01795674108257983	0.0	0.00030612320963575856
0.0026642901711575184	0.0	0.00015814944873374093
0.016888804617088082	0.0	0.0012625891509507742
0.025097843797062924	0.003583956794708701	0.0
0.04882952781686985	0.004542849183550267	0.00185253361806504
0.09865041086216791	0.04624381226623714	0.03254183360332609
0.015852652030551584	0.0008325769510567904	0.00011820021712438677
0.034765848869441535	0.0	0.0
0.36779608921837886	0.20423987751065556	0.08626680191570549
0.015734751363235933	0.001451120426272906	0.0006045969342492116
0.07182138981039035	0.026533841648228973	0.008884116891318919
0.024045822824533464	0.0	0.0
0.031755921420938374	0.0018919029068313054	0.002385915006908851
0.02966123965418034	0.001414599123706825	0.0
0.19981741475912798	0.06296094558143046	0.015073810495703
0.644447458647904	0.6307306667221121	0.6212887797572955
0.2490580685537418	0.1728972457333953	0.13171959608191508
0.0	0.0	5.8379979634440304e-05
0.052949619534878506	0.013066786458989392	0.003673026972826385
0.09193510893620094	0.005173602539473604	0.003166851100839252
0.06020698385460155	0.024660164319260956	0.010565423507542311
0.029514795351347878	0.012711802675192861	0.011330066213550948
0.18914522215223306	0.023268380058973567	0.003231044399395311
0.5211635000128769	0.40582865439660265	0.3507388131841878
0.3237983826583948	0.21352550737139328	0.15609839418888896
0.13792664381506695	0.06668218556346554	0.03166624264775031
0.062080934880935405	0.0	0.0
0.07050163690405979	0.005206865947039313	0.005089332475538659
0.0777976777061598	0.034768902009567185	0.01163126710055009
0.10143674398552344	0.06314138103243495	0.04693159213969958
0.08232883704203312	0.04145699576886047	0.025701722857395123
0.2613006158784277	0.18106596153888918	0.14714899831320943
0.28767050390625293	0.18245485907191844	0.13504221480995693
0.07008915581291247	0.001561260312159779	0.0
0.002955089129742239	0.0	2.41991568165692e-05
0.04144240322473247	0.0	0.0
0.022967308492351277	0.0018006680312593754	0.0
0.10018075522581349	0.051087095956115526	0.04415052969354644
0.42298567054141134	0.30990925942072955	0.2488260387314742
0.005085550319028395	0.0	0.0
0.26742278636718964	0.1420931770107672	0.06885793906268278
0.18791414066886802	0.09393280598016022	0.04702950067996979
0.682843735086362	0.6068810443048808	0.541253044960874
0.004856235947920576	0.0	0.0
0.0754444799976876	0.003575421328853773	0.003275705661206378
0.019318307995203926	0.0011575258417518691	0.0
0.15338898142801444	0.08485977472956853	0.06570356053249621
0.25553448337498075	0.18603763707674756	0.13848052098291527
0.007328775977681876	0.0	0.0
0.0007390760443436173	0.0012446393086572999	0.0006322086739716098
0.1048749987421859	0.01665565376655862	0.003209172952697098
0.008821064984946725	0.0	0.0
0.22117881016822255	0.14034823036850091	0.09875790077912702
0.003460669981552103	0.0	0.0
0.03512651896182413	0.022181606426829037	0.016344257003776126
0.27220413727856707	0.2297724247430972	0.20902996673218618
0.07891993160039157	0.04878092243431302	0.030274500207634916
0.18435642387909934	0.09060462535133397	0.09503753310448367
0.07681513856116234	0.014925864249883986	0.005087980922338982
0.0	0.0	0.0
0.0	0.0	0.0
0.009316848014606166	0.0	0.0
0.029281187859278232	0.0031216056401660586	0.001721996919103637
0.03908016843894674	0.010609545406323306	0.003477666197099792
0.02708740140369062	0.006095614902894647	0.0
0.07179393498072084	0.04766393077190541	0.03237239288156529
0.01867886572260105	0.004790091134816286	0.0
0.0832421270629426	0.012158726947821878	0.0006690474644064567
0.028527131233252304	0.0	0.0
0.12239371945978998	0.03885982993607008	0.005466746165797225
0.029237401852871936	0.0	0.0005667811716795687
0.10539434428096846	0.05804287504978155	0.02738876411820892
0.2341789544348328	0.1555643077632152	0.12603960981858336
0.11407542880105166	0.0071329230803582055	0.0028921775099111993
0.12994521531030814	0.09858225068300577	0.07776182145275749
0.011503297932939138	0.0015527425020757657	0.0
0.10748853051245322	0.02557547821044564	0.001766881695847107
0.07542577015105824	0.04304451999363385	0.023271565590437346
0.004298230579537626	0.0	0.0
0.08609311306419493	0.059859158577983636	0.04431195727136201
0.02978308018419372	0.004446762603483735	0.0033363799853024442
0.004331611356564152	0.0012257486656992167	0.0016960820316058375
0.31580146263404163	0.19778114070526343	0.11612155354781212
0.08813421507420902	0.055443053706631294	0.04198399089787064
0.016842014443725933	0.0	0.0
0.008637232978842183	0.0	0.0
0.0	0.0	0.0
0.025166422223109677	0.0005091936374348044	0.0
0.8787222364898414	0.812140982748256	0.7684063377919053
0.011626171203129074	0.002358505175949821	0.0
0.01272799681821421	0.0015561320933836914	0.0017044561970992883
0.4864170036042218	0.0743668342360001	0.00302188682626197
0.011235713226749655	0.0	0.0
0.12750339707819353	0.06830584108659794	0.046840797033939015
0.24494668448428158	0.21977606107571757	0.19181794203737043
0.3015474429112151	0.24339533528492627	0.20951056966337697
0.09359939112298325	0.036250553723735916	0.019826006673596994
0.034027838594865606	0.0036227704540167105	0.004509063302430151
0.030747232507445682	0.005977473189468639	0.0017059472271984052
0.002312580876226225	0.0	0.0006212150825930449
0.19762268414075135	0.12002663132665516	0.08983036520443585
0.01658032387682376	0.0	0.0
0.14494379307329627	0.07333535596123267	0.04644326395985069
0.008098300779905504	0.0013369445088333154	0.0
0.042601180398506855	0.009328582808905098	0.00444446890575035
0.026517320245792078	0.002207815924966508	0.0019672876516687865
0.03173779557633437	0.0	0.0
0.07439875424525488	0.005937452242387932	0.003573433449779208
0.03981321141730303	0.021139846366190235	0.018105941868731316
0.09337963541619315	0.03660859770754833	0.014532378603197275
0.273665679611676	0.12732455253484648	0.06247785252014726
0.0	0.0	0.0
0.010128121076339439	0.0	0.0
0.0023853147095130867	0.0	0.0
0.5369390156393377	0.509513538554294	0.4437626867352646
0.04256856685250675	0.017869341681605137	0.001388456987009401
0.0024958508745413915	0.0	0.0
0.022793404919536492	0.0	0.0
0.04329493502298827	9.205593044016303e-05	0.0
0.023313812528258746	0.006271179120803744	0.005568219462632473
0.005508129784419211	0.0	0.0
0.09069554035449809	0.07097733492539465	0.055855453236735846
0.035889406387266704	0.009887682902346151	0.0017116326658624809
0.08737316028933534	0.03849074186431738	0.03100661295870614
0.10526239053703235	0.029799992538666227	0.006503039103644033
0.3108606556869919	0.054676178374894954	0.007593632098147486
0.06827304271495296	0.02440383792817346	0.002205240960184901
0.13860688324527876	0.10278633354026821	0.07466137997189934
0.027539705947943666	0.00036115755811640116	0.0
0.08999743777487146	0.059728776290430496	0.04674941450930229
0.0	0.0	0.0
0.09133442290276136	0.051331797925365644	0.03179782057061449
0.18311641955708774	0.09439209235867017	0.04660903489667141
0.12198902288373106	0.05468499310156061	0.0173345808914733
0.015406972799416024	0.001242799607617709	0.0
0.041624088351969374	0.004787560040788036	0.0020622371200716694
0.006236538447009027	0.0006927324484261171	1.5752025135734593e-05
0.5468769348170415	0.41742987861485165	0.35105349540089725
0.0035946943489216926	0.0	0.0017557228349774773
0.4918883473118109	0.3620133322465349	0.25685903485526895
0.08289886103705016	0.003248801028583187	0.0013151241406253456
0.03488698216716256	0.012697773540439855	0.0028315694967679245
0.01855523008753894	0.0	0.0
0.06772524611105843	0.035325487636190124	0.01618915385498293
0.0030919792251000167	0.0009960826026348263	0.0
0.040853483110495886	0.006109417397119038	0.0
0.1145779702294899	0.03431086455500691	0.004265507065700745
0.0014875554814648834	0.0009003736927034184	0.0021091224302688186
0.40347697605577737	0.30302058275983523	0.23900825261711858
0.04520734663784433	0.03007740427993122	0.025436657161127436
0.040425722309718	0.01320863318103161	0.0
0.2814778061486637	0.11258401394444299	0.0504158909836423
0.09941774322255552	0.0	0.0001203586048301869
0.3723306262217084	0.28043600602399615	0.21439670672221897
0.4123161324928063	0.3195541983614764	0.27084857882782026
0.19012881361327338	0.036291757339841454	0.004049556849858964
0.38732654219271334	0.2734081868582736	0.21468751094617256
0.01675261143919418	0.002720901007312801	0.0004879106498667657
0.0	0.0032529654750829418	0.0
0.02000098382475969	0.0	0.0011013626988161385
0.028278690171575346	0.010978421721020058	0.008405286327193826
0.03671628036020631	0.0033649536260175472	0.0005276007421927131
0.005472447060418592	0.00056314445197507	0.0005318144186326201
0.007650538280781091	0.0	0.0
0.3774967987942617	0.29578060684842966	0.2002762561466519
0.0647353675668654	0.010092402175396559	0.0016843732918445514
0.13191255096288262	0.08582685778595031	0.06389211707739477
0.4317598441684795	0.3178870481794806	0.23754101845720776
0.16260584867390843	0.03208721351953094	0.0023511942346222045
0.004524919624880996	0.0018279271609229486	0.0012388742031388816
0.0023622961726947056	0.00018522914126184453	0.0003476230083542045
0.43136082273199866	0.09795421636765911	0.013583557352408744
0.2556051044295082	0.18065272789641917	0.14608298312908138
0.05108693970125883	0.026554068298941066	0.014490411790151488
0.010684389463839178	0.00041520239048556395	0.0
0.01648418031322911	0.00024303718883623981	0.0
0.33202922968577736	0.21663731528698615	0.15415756348998055
0.01776037283433647	0.0	0.001867983527977575
0.14439475940068092	0.08153566254315608	0.04853483476531333
0.10795027081060585	0.050526873975730816	0.021664210276359484
0.26485555663908555	0.19342424210764878	0.14313796847722124
0.01149032406440735	0.0	0.0
0.00021320155834503307	0.0	0.0
0.0	0.0	0.0
0.1290968149746931	0.06861255119363298	0.03362630290751709
0.03367291693616048	0.0054657923685954846	0.0
0.038762229880429905	0.017614876716703975	0.007576417239882963
0.12180625005370646	0.019752136033435924	0.0015803115770685397
0.25220590212692573	0.24543165631617753	0.2457856497165052
0.1869994448953772	0.05605693551410832	0.00870567502213073
0.02735973085130372	0.0	0.0
0.05649860951434096	0.009684395852865332	0.0035957207978564373
0.009225952221724301	0.0005602112933135728	0.0
0.2357056270444389	0.13401242859568113	0.0708985471795976
0.302776731420379	0.20562695890254967	0.15664210919776023
0.060862607538153035	0.010605192675202817	0.0
0.2470201534307692	0.14045120729498187	0.06431438725972567
0.05564471254375392	0.0201317587968739	0.013089603433517769
0.24591439487085243	0.17144046842565658	0.12777010264910682
0.024890756977201695	0.0025115518275190263	0.0006731153004144314
0.00021543615859616339	0.0	0.0
0.0	0.0013761647618657918	0.0
0.43285982020173347	0.3223690815674846	0.2546860025934923
0.0	0.0	0.0004907834258938218
0.13281125449766257	0.07966606659822884	0.06113458697301823
0.0	0.0	0.0
0.007309074810902552	0.001185268314405255	0.0007760488214840905
0.10141959029543487	0.022024687010796226	0.002315366854074255
0.0	0.0	0.0
0.16383286886087478	0.12856754159404826	0.1065982262977099
0.28943612207092473	0.19840384661256977	0.15088986115330233
0.2825616479274726	0.1239071604113964	0.03239764972986821
0.04492605475830819	0.0	0.0
0.09105066032465825	0.02854628381239506	0.007833226260339297
0.08843879037411877	0.009893156289976113	0.002707201523926041
0.06688918536212471	0.011224258523300189	0.0
0.029011291535153902	0.016526502171663668	0.0121245477781644
0.09100826579580618	0.07331188382579662	0.056092561507381164
0.007032023472654941	0.0	0.0
0.0029720480238732555	0.0	0.0
0.0	0.0011492364374397351	0.001526673085671254
0.05354318314677439	0.025938217607759412	0.016543704761944448
0.05001639635311132	0.0030740555888885968	0.00515543060923216
0.007647983447758938	0.0	0.0
0.020996233788053015	0.006912153851555657	0.0
0.0035388510568613862	0.0009554131572302726	0.0008365303438329502
0.5007662385727326	0.3868306212409845	0.32377787035236694
0.016214179585383307	0.002649340800754907	0.0018072945995398632
0.04350447651860019	0.003498409282506429	0.0008739296803577448
0.0	0.0013645482734971487	0.0004353096704656431
0.6503831441982258	0.5853979584795977	0.5263544700279176
0.1300206204285982	0.06104359433660527	0.029405733969722108
0.05506856908063909	0.00851087593510294	0.006642310602244447
0.0856503414939889	0.05146921700957714	0.04128911443093743
0.5002885512430268	0.3870264348465631	0.3294434619875117
0.007226783532111258	0.0	0.0
0.17005895716039296	0.0946274063900095	0.06858480595788302
0.31142243553052296	0.20758138870376155	0.15399500805203065
0.07252687089696003	0.03752814763188126	0.026088052645681925
0.013728325841181777	0.0030860858341856395	0.002162812264312676
0.3767299890172903	0.26737335534421347	0.22120838226658865
0.11326598794552921	0.0705757650318823	0.04868876830334442
0.07162158421931178	0.025739519402182665	0.004439135924219913
0.11675435736055464	0.09365306880618049	0.07024729683771522
0.2702030206016456	0.1615683913547647	0.10616096665296107
0.10260142415282862	0.05183345509938471	0.033400252320794126
0.012558460045751854	0.0022166362500700143	0.0007556932578307654
0.12416031831176903	0.07241730977920077	0.02210372341239969
0.0026645703236033713	0.0	0.0
0.42418432137738754	0.31445636478229977	0.24700754469219935
0.0	0.0	0.0
0.0	0.0	0.0
0.007632858551707644	0.001420086177799984	0.0
0.0652281938968359	0.0026400019807247127	0.0
0.07010586653385792	0.035467063405692924	0.016750310471704798
0.02873972490518148	0.0	0.0
0.018337470878367818	0.0011730444090193304	0.0010474315390189837
0.0	0.0	0.0
0.007281431391197454	0.0	0.0
0.12224276487450485	0.054530471739370354	0.03152655373410501
0.012785804319563762	0.001124265822968054	0.0002675833438111064
0.010507754449093493	0.00182868718710133	3.916216554072233e-05
0.04340844160729071	0.0	0.0
0.025508952849365316	0.0080320218882486	0.0
0.017483871108301588	0.0010254747885641707	0.0
0.02688239058376482	0.025319250380797874	0.017573374477521542
0.020461599539678604	0.0016104571900998343	0.0
0.18276725797913346	0.10177252378714603	0.06615337346698676
0.026529482713548908	0.014737014799018983	0.006150464124222585
0.11016458576937664	0.010524191730216612	0.004536129554375552
0.01083438882370491	0.0	0.0
0.06156351698887526	0.0033426126237501436	0.0021735850433399623
0.01702248128006198	0.00023364926826081878	0.0
0.13503160911609793	0.07581236265086203	0.04974315501751154
0.040767866174947584	0.0014967930421059122	0.0
0.05381021338482313	0.001777163934320189	0.001246961239722004
0.02686932547948409	0.0	0.0
0.0	8.406812325935376e-05	0.0
0.057273710382774894	0.03061032234991909	0.021166503497934617
0.0	0.0	0.0
0.364341538745058	0.2374335877439889	0.1359125681415536
0.16500092626420138	0.10273008179757437	0.07621029371742859
0.01358846613374251	0.0	0.0
0.00422835486485254	0.0	0.0
0.06857828476259387	0.006396577808171024	0.00021170848903363793
0.012134779666144943	0.0	0.0
0.004897994445270615	0.0	0.0
0.036763654562948014	0.003404199065413227	0.0011553655542729038
0.15720360428589442	0.09941212504350858	0.07376961446328811
0.03277807079593953	0.0037654545516233595	0.0011971142178767574
0.9324523076007759	0.9126789386856365	0.8844600986194269
0.22998201488985365	0.1070998274351353	0.04321712588860155
0.0064306231881726544	0.0	0.0
0.2042952078061166	0.06384270879517369	0.013820359190527542
0.15661843084977176	0.07732996166273881	0.04225279248556075
0.08253949106949342	0.02209413991024771	0.0020152855828484417
0.09114686345959798	0.06466370221618328	0.04839093408753079
0.026211831718714343	0.0024946454616614627	0.00011380912340919203
0.03881253486999685	0.0014662060720987413	0.0020552425837656665
0.01242700151456741	0.0	0.0
0.016283808103319974	0.0	0.0
0.3384624774771078	0.22165536578288195	0.18478779037725174
0.03928790099952975	0.026637413457249966	0.020499496693687044
0.0732847457159773	0.02183310950466045	0.006328821259555313
0.13780927833433146	0.024267276977623847	0.005066065388410472
0.04137662629032926	0.014634467570070524	0.0007838676064412867
0.1015387525864678	0.04611108290307048	0.03950728423625259
0.030311586514186833	0.0018661896982149484	0.0007187122774078847
0.07851451279140723	0.02448568916224074	0.0019047893500009072
0.26707461540476807	0.15156264634227945	0.09408322794816323
0.007258094239089893	0.0	0.0
0.0311583402239356	0.018873056743815696	0.01315929331431015
0.07459677987544366	0.03615432607994609	0.01688410602160939
0.04317516915302157	0.005608163212689823	0.0035562811618882126
0.0803704241312097	0.023597056705316734	0.002925811188702346
0.28572220057977127	0.21494763661511163	0.18223275409049924
0.05584505783258355	0.02837171657310167	0.010698684181037914
0.0006984652170332478	0.0	0.0
0.0	0.0	4.6207905072231936e-05
0.03320928131632961	0.0	7.692047353378278e-05
0.0	0.0	0.0007703548632375032
0.026356572986242707	0.0075223873333968225	0.0023139310161142193
0.028381171640895597	0.0026202302409892575	0.0004421392922668091
0.040673883103264585	0.021752369496394225	0.017257994220781888
0.00857939798782617	0.0	0.0
0.009859924020042946	0.0007122388509167715	0.0013087864635213525
0.40220554426779326	0.29793246025827974	0.2470765847598365
0.11089853040911055	0.10138321528314664	0.0893595995038382
0.007050228671946629	0.0	0.0
0.0	0.0	0.0020991014270347885
0.029344820752528367	0.002918795677942884	0.0007637664973947772
0.02130761789139818	0.012835337508482252	0.006354642289926077
0.025376152103910754	0.0014802615404539282	0.00357014995318964
0.19826889098257297	0.0054968213121852905	9.783648119875837e-05
0.10326854914292329	0.01768474928974588	0.0016689672750631324
0.029591524913511982	0.0	0.0017764398843562457
0.05281842588630041	0.01565236883731491	0.022566970611878855
0.14909637939339215	0.07142355891847693	0.05671199059213621
0.0	0.0	0.0009049073227155313
0.020053745827959532	0.0	0.0015215513123492744
0.15763374402822272	0.035687504900924455	0.006182664443426647
0.17477304902280016	0.10572861982805237	0.055027407320040904
0.04612530565345091	0.011748885617089706	0.005250123162373756
0.23135796161346128	0.12641338246551076	0.07205264228269771
0.24987994827689303	0.18131227619289558	0.13280422255964136
0.003563842705566256	0.00035713867622903794	0.0
0.1267755202625426	0.03162048862780456	0.0019350578474016111
0.18192782005848585	0.045077395058288366	0.005182886050858135
0.021394659025938387	0.0	0.007141202613361507
0.00826224296580258	0.0	0.0
0.04415334593066092	0.0	0.002389776991651764
0.05284690721882712	0.036576440386230154	0.027705485608809585
0.11083244315539278	0.006745492408618485	0.0051620347249948795
0.47251406619637343	0.36413549877781715	0.2992093614844761
0.03550756227320043	0.0079264729871798	0.0
0.16715755167672813	0.09824184490776405	0.057416387201476064
0.03335513833852888	0.006809320053940124	0.0
0.06574964090367569	0.005553153014608583	0.0012116505461613539
0.0652613038169456	0.04983810158342565	0.03258716544627016
0.1827392375306075	0.057114656547315075	0.012309565691887618
0.6535753640489974	0.5878598473696104	0.5307289210825135
0.07557554483924747	0.0573865724537746	0.04110180479011133
0.0	0.0	0.0
0.09837342895861828	0.048266834072707404	0.01934578239622045
0.14284563305921583	0.03306952133911479	0.0008299089100941084
0.043041321708571	0.0032125620501638474	9.703403457612253e-05
0.053116447768187025	0.027404741964678916	0.015185472414776989
0.030898033695613947	0.013296224738753103	0.011961601729978427
0.036352470491078426	0.005226328407556678	0.002723322917858942
0.00022993699144246982	0.0	0.0
0.05222749115515553	0.030791843426067	0.023507526546045543
0.0915823983540793	0.035632241062190206	0.009536880311154391
0.11585599866679029	0.0710948262886867	0.052833397514457606
0.04215456132309427	0.004163764230556803	0.0033203996100766575
0.21306203008242836	0.12048573120326386	0.07051464339224355
0.004885099299353338	0.0	0.0
0.26668810397889453	0.19998500115824505	0.1674547704324902
0.22231797536103642	0.07012043745482421	0.011430033613016984
0.018427830565416928	0.0	0.0
0.11602194716442854	0.014460423079083906	0.0023673877668285784
0.030391150506103554	0.007605096113950827	0.0041720670009745345
0.012211326557872021	0.00146747776716806	0.00016623938884009065
0.009910415582403562	0.0	0.0
0.4140311239088282	0.3092409330172572	0.23999078943753244
0.07446065673421301	0.03739312745146675	0.022708765985483232
0.08463326185262716	0.025703708129337997	0.007703389121894312
0.00027655143123272996	0.0	0.0
0.45603231593008126	0.3452452731699956	0.2308891023426138
0.42117521361845556	0.2826620858648684	0.20335530840439994
0.02734152833779907	0.000677762719653946	0.0
0.02951579110719034	0.00045180612345388504	0.0
0.5230700184320447	0.39402840937079164	0.3207791209667362
0.30330944913264035	0.22011763609423798	0.17040202360895057
0.05007215428844225	0.005094393303628347	0.004273820225206754
0.05555267178350357	0.0030667405973761608	0.0016844226528071882
0.08197053895118178	0.06540515989619015	0.058610554692953024
0.25833983231672863	0.18009362724308103	0.14031232589022494
0.03143315355404647	0.007963368078789994	0.00442689625355322
0.8744444133003727	0.7245634023579332	0.471838395140219
0.21391047759043808	0.07697766343779187	0.012996229302316746
0.02386619832927779	0.0008003588315241422	0.0
0.010635061990590569	0.0	0.0
0.22354474940198665	0.07494177247137442	0.014422224324248216
0.34242998901909133	0.22122588678350297	0.1296665238018262
0.3045143442247207	0.17276799989417388	0.09741211235268912
0.3356080608299672	0.2276374920424314	0.17157282201752194
0.072598749034986	0.01227268604940597	0.006844081512269569
0.6180133140932164	0.4678192641447289	0.3079068066517398
0.04010620944383772	0.0008717737114626034	0.0
0.008210413300780706	0.0	0.0
0.031805575691452856	0.013669580389074239	0.0017134336385288412
0.013500632113027614	0.0	0.0016248861744614165
0.20075682322005817	0.12760738465805482	0.0936217331578819
0.003789064328750702	0.0	0.0
0.001375752478035619	0.0	0.0
0.2384209116233354	0.09870335008053488	0.02506274688385178
0.016910538545279172	0.0	0.0
0.13825807027325762	0.03328418654096826	0.004346178057733116
0.05634685938823253	0.04029130965196871	0.01995032852117512
0.17212778573074855	0.13987829272064248	0.12254500703677414
0.0006203262149739597	0.0	0.0007910219627522974
0.4827654598219908	0.3691048283253424	0.31547556512912944
0.015547155696210485	0.006057539106828748	0.0
0.06248838161724439	0.0008448074543818962	0.0020956036355414404
0.0863438051133677	0.008521411611178906	0.0019240810592745794
0.0382279516857794	0.0	0.0
0.22862702579107877	0.1665309719674355	0.11359818653884389
0.06118348629735442	0.003086653143527532	0.0015345812729557137
0.0	0.0	0.0
0.010071462900609493	0.0	0.0
0.15860791754925158	0.04269804820623284	0.004254987859750231
0.09241556070994657	0.0641870583097841	0.04586307421335466
0.11869821536589767	0.012382259454821722	0.0
0.12512220905833496	0.057020043546392896	0.04086425745345105
0.025208042178872014	0.008136066597536608	0.0001336793115841728
0.08239922214775278	0.009041402441934625	0.009135891680093676
0.24280658967621416	0.12314615164164074	0.06299658350126089
0.05538161904120708	0.03481119808192641	0.01543850346012137
0.12405078584148738	0.05655966014496331	0.03081498842035821
0.007094193505818594	0.0	0.0
0.4364514145557812	0.32906856705195886	0.2613437732011631
0.08472000920260717	0.04976987642729447	0.02557583669437226
0.12240454355937008	0.027581283642494	0.005087006883474458
0.0003681831556913706	0.0	0.0
0.0	0.0	0.0
0.0012058218014198707	0.000820105298175014	0.0011704605227421255
0.09284580392632567	0.05519710771265847	0.03891420297308319
0.04896437038594545	0.0340424687703057	0.029296255335445606
0.10301805963485765	0.06842380074432006	0.048305257120288304
0.06201255054211233	0.0037194741667005565	0.0035814392843174364
0.06627061343469862	0.00234247250397171	0.001741401246024149
0.009754296119350678	0.0	0.0
0.032754660954236806	0.00979294210368592	0.002999364543095448
0.06090377272089787	0.031900158209785145	0.021706897172827724
0.02872144687327749	0.017015557485667854	0.011192076800862469
0.14870608663604365	0.10111013186570339	0.0788965816765001
0.10985228464273085	0.08021034661402143	0.0685417639884705
0.034748128842024925	0.009242013535808107	0.0023616470245317253
0.07835983851189873	0.022910745162027853	0.005507747236479711
0.06706900312058917	0.03995731138861639	0.022574487613441514
0.04510160278212473	0.018189369341926644	0.00864256566659028
0.06422795649853844	0.0015013027270958657	0.0017314437759593654
0.07645438599522769	0.029838580925792772	0.011254716778506486
0.01332954229392086	0.0	0.0
0.014252458966493894	0.00040913537666090183	0.0007175395032434709
0.38517538487160846	0.2806420394291613	0.21670702104353706
0.07475700266664642	0.03324649769704512	0.017320055100429298
